0.1,-1,2,0.30103,24,1.38021,0.0328046,-1.48406
0.2,-0.69897,2,0.30103,23,1.36173,0.0146148,-1.83521
0.3,-0.522879,2,0.30103,23,1.36173,0.00922765,-2.03491
0.4,-0.39794,2,0.30103,23,1.36173,0.00668908,-2.17463
0.5,-0.30103,2,0.30103,23,1.36173,0.00522676,-2.28177
0.6,-0.221849,2,0.30103,22,1.34242,0.00429847,-2.36669
0.7,-0.154902,2,0.30103,22,1.34242,0.00365055,-2.43764
0.8,-0.09691,2,0.30103,22,1.34242,0.0031333,-2.504
0.9,-0.0457575,2,0.30103,21,1.32222,0.00269032,-2.5702
1,2.89298e-16,2,0.30103,21,1.32222,0.0023121,-2.63599
1.1,0.0413927,2,0.30103,21,1.32222,0.00199668,-2.69969
1.2,0.0791812,2,0.30103,21,1.32222,0.00173969,-2.75953
1.3,0.113943,2,0.30103,21,1.32222,0.00153394,-2.81419
1.4,0.146128,2,0.30103,21,1.32222,0.00137116,-2.86291
1.5,0.176091,2,0.30103,21,1.32222,0.00124335,-2.90541
1.6,0.20412,2,0.30103,21,1.32222,0.00114351,-2.94176
1.7,0.230449,2,0.30103,21,1.32222,0.00106601,-2.97224
1.8,0.255273,2,0.30103,20,1.30103,0.00100652,-2.99718
1.9,0.278754,2,0.30103,20,1.30103,0.000961876,-3.01688
2,0.30103,2,0.30103,20,1.30103,0.000929743,-3.03164
2.1,0.322219,2,0.30103,20,1.30103,0.000908375,-3.04173
2.2,0.342423,2,0.30103,19,1.27875,0.000896328,-3.04753
2.3,0.361728,2,0.30103,19,1.27875,0.000892274,-3.0495
2.4,0.380211,2,0.30103,19,1.27875,0.000894805,-3.04827
2.5,0.39794,2,0.30103,19,1.27875,0.000902431,-3.04459
2.6,0.414973,2,0.30103,19,1.27875,0.000913536,-3.03927
2.7,0.431364,2,0.30103,19,1.27875,0.000926432,-3.03319
2.8,0.447158,2,0.30103,19,1.27875,0.000939528,-3.02709
2.9,0.462398,2,0.30103,19,1.27875,0.000951383,-3.02164
3,0.477121,2,0.30103,19,1.27875,0.000960821,-3.01736
3.1,0.491362,2,0.30103,19,1.27875,0.000966886,-3.01462
3.2,0.50515,2,0.30103,19,1.27875,0.000968795,-3.01377
3.3,0.518514,2,0.30103,18,1.25527,0.000965857,-3.01509
3.4,0.531479,2,0.30103,18,1.25527,0.000957421,-3.0189
3.5,0.544068,2,0.30103,18,1.25527,0.000942856,-3.02555
3.6,0.556303,2,0.30103,18,1.25527,0.000921615,-3.03545
3.7,0.568202,2,0.30103,18,1.25527,0.000893337,-3.04898
3.8,0.579784,2,0.30103,18,1.25527,0.000858016,-3.0665
3.9,0.591065,2,0.30103,18,1.25527,0.000816182,-3.08821
4,0.60206,2,0.30103,18,1.25527,0.000769053,-3.11404
4.1,0.612784,2,0.30103,18,1.25527,0.000718559,-3.14354
4.2,0.623249,2,0.30103,18,1.25527,0.000667209,-3.17574
4.3,0.633468,2,0.30103,18,1.25527,0.000617737,-3.2092
4.4,0.643453,2,0.30103,18,1.25527,0.000572642,-3.24212
4.5,0.653213,1,0,18,1.25527,0.000533717,-3.27269
4.6,0.662758,1,0,17,1.23045,0.000501743,-3.29952
4.7,0.672098,1,0,17,1.23045,0.000476448,-3.32198
4.8,0.681241,1,0,17,1.23045,0.000456794,-3.34028
4.9,0.690196,1,0,17,1.23045,0.000441361,-3.35521
5,0.69897,1,0,17,1.23045,0.000428728,-3.36782
5.1,0.70757,1,0,17,1.23045,0.000417708,-3.37913
5.2,0.716003,1,0,17,1.23045,0.000407419,-3.38996
5.3,0.724276,1,0,17,1.23045,0.000397278,-3.40091
5.4,0.732394,1,0,17,1.23045,0.000386927,-3.41237
5.5,0.740363,1,0,17,1.23045,0.000376177,-3.42461
5.6,0.748188,1,0,17,1.23045,0.000364949,-3.43777
5.7,0.755875,1,0,17,1.23045,0.000353241,-3.45193
5.8,0.763428,1,0,17,1.23045,0.000341097,-3.46712
5.9,0.770852,1,0,17,1.23045,0.0003286,-3.48333
6,0.778151,1,0,17,1.23045,0.000315842,-3.50053
6.1,0.78533,1,0,17,1.23045,0.000302939,-3.51864
6.2,0.792392,1,0,17,1.23045,0.000290001,-3.5376
6.3,0.799341,1,0,17,1.23045,0.000277142,-3.5573
6.4,0.80618,1,0,17,1.23045,0.000264467,-3.57763
6.5,0.812913,1,0,17,1.23045,0.000252068,-3.59848
6.6,0.819544,1,0,17,1.23045,0.000240027,-3.61974
6.7,0.826075,1,0,16,1.20412,0.000228409,-3.64129
6.8,0.832509,1,0,16,1.20412,0.000217271,-3.663
6.9,0.838849,1,0,16,1.20412,0.000206643,-3.68478
7,0.845098,1,0,15,1.17609,0.00019642,-3.70681
7.1,0.851258,1,0,15,1.17609,0.000186989,-3.72818
7.2,0.857332,1,0,15,1.17609,0.000177996,-3.74959
7.3,0.863323,1,0,15,1.17609,0.000169495,-3.77084
7.4,0.869232,1,0,15,1.17609,0.000161536,-3.79173
7.5,0.875061,1,0,15,1.17609,0.000154046,-3.81235
7.6,0.880814,1,0,15,1.17609,0.000147023,-3.83261
7.7,0.886491,1,0,15,1.17609,0.000140439,-3.85251
7.8,0.892095,1,0,15,1.17609,0.000134267,-3.87203
7.9,0.897627,1,0,15,1.17609,0.000128489,-3.89113
8,0.90309,1,0,15,1.17609,0.000123082,-3.9098
8.1,0.908485,1,0,15,1.17609,0.00011803,-3.92801
8.2,0.913814,1,0,15,1.17609,0.000113318,-3.9457
8.3,0.919078,1,0,15,1.17609,0.000108935,-3.96283
8.4,0.924279,1,0,15,1.17609,0.000104862,-3.97938
8.5,0.929419,1,0,15,1.17609,0.000101086,-3.99531
8.6,0.934498,1,0,15,1.17609,9.75868e-05,-4.01061
8.7,0.939519,1,0,15,1.17609,9.43531e-05,-4.02524
8.8,0.944483,1,0,15,1.17609,9.19521e-05,-4.03644
8.9,0.94939,1,0,15,1.17609,8.8842e-05,-4.05138
9,0.954243,1,0,13,1.11394,8.80557e-05,-4.05524
9.1,0.959041,1,0,15,1.17609,8.3828e-05,-4.07661
9.2,0.963788,1,0,13,1.11394,8.15021e-05,-4.08883
9.3,0.968483,1,0,13,1.11394,7.94972e-05,-4.09965
9.4,0.973128,1,0,13,1.11394,7.76501e-05,-4.10986
9.5,0.977724,1,0,13,1.11394,7.5947e-05,-4.11949
9.6,0.982271,1,0,13,1.11394,7.43899e-05,-4.12849
9.7,0.986772,1,0,13,1.11394,7.29707e-05,-4.13685
9.8,0.991226,1,0,13,1.11394,7.16687e-05,-4.14467
9.9,0.995635,1,0,13,1.11394,7.04779e-05,-4.15195
10,1,1,0,13,1.11394,6.94002e-05,-4.15864
10.1,1.00432,1,0,13,1.11394,6.84212e-05,-4.16481
10.2,1.0086,1,0,13,1.11394,6.75202e-05,-4.17057
10.3,1.01284,1,0,13,1.11394,6.6713e-05,-4.17579
10.4,1.01703,1,0,13,1.11394,6.70213e-05,-4.17379
10.5,1.02119,1,0,13,1.11394,6.62636e-05,-4.17872
10.6,1.02531,1,0,13,1.11394,6.55936e-05,-4.18314
10.7,1.02938,1,0,12,1.07918,6.3725e-05,-4.19569
10.8,1.03342,1,0,12,1.07918,6.33946e-05,-4.19795
10.9,1.03743,1,0,12,1.07918,6.28525e-05,-4.20168
11,1.04139,1,0,13,1.11394,6.58499e-05,-4.18145
11.1,1.04532,1,0,13,1.11394,6.50109e-05,-4.18701
11.2,1.04922,1,0,12,1.07918,6.28558e-05,-4.20165
11.3,1.05308,1,0,11,1.04139,6.05057e-05,-4.2182
11.4,1.0569,1,0,11,1.04139,6.00582e-05,-4.22143
11.5,1.0607,1,0,12,1.07918,6.13334e-05,-4.2123
11.6,1.06446,1,0,11,1.04139,5.91478e-05,-4.22806
11.7,1.06819,1,0,12,1.07918,6.03574e-05,-4.21927
11.8,1.07188,1,0,12,1.07918,5.84478e-05,-4.23323
11.9,1.07555,1,0,11,1.04139,5.79158e-05,-4.2372
12,1.07918,1,0,11,1.04139,5.88968e-05,-4.22991
12.1,1.08279,1,0,11,1.04139,5.69334e-05,-4.24463
12.2,1.08636,1,0,11,1.04139,5.66274e-05,-4.24697
12.3,1.08991,1,0,12,1.07918,5.62171e-05,-4.25013
12.4,1.09342,1,0,11,1.04139,5.5682e-05,-4.25429
12.5,1.09691,1,0,12,1.07918,5.5348e-05,-4.2569
12.6,1.10037,1,0,11,1.04139,5.48764e-05,-4.26061
12.7,1.1038,1,0,11,1.04139,5.41863e-05,-4.26611
12.8,1.10721,1,0,11,1.04139,5.3893e-05,-4.26847
12.9,1.11059,1,0,11,1.04139,5.34137e-05,-4.27235
13,1.11394,1,0,11,1.04139,5.29281e-05,-4.27631
13.1,1.11727,1,0,11,1.04139,5.24302e-05,-4.28042
13.2,1.12057,1,0,11,1.04139,5.19325e-05,-4.28456
13.3,1.12385,1,0,11,1.04139,5.14158e-05,-4.2889
13.4,1.1271,1,0,11,1.04139,5.0889e-05,-4.29338
13.5,1.13033,1,0,11,1.04139,5.03779e-05,-4.29776
13.6,1.13354,1,0,11,1.04139,4.98832e-05,-4.30205
13.7,1.13672,1,0,11,1.04139,4.93749e-05,-4.30649
13.8,1.13988,1,0,11,1.04139,4.88407e-05,-4.31122
13.9,1.14301,1,0,11,1.04139,4.83313e-05,-4.31577
14,1.14613,1,0,11,1.04139,4.78283e-05,-4.32032
14.1,1.14922,1,0,11,1.04139,4.72914e-05,-4.32522
14.2,1.15229,1,0,11,1.04139,4.67943e-05,-4.32981
14.3,1.15534,1,0,11,1.04139,4.68921e-05,-4.3289
14.4,1.15836,1,0,12,1.07918,4.55968e-05,-4.34107
14.5,1.16137,1,0,11,1.04139,4.53889e-05,-4.34305
14.6,1.16435,1,0,10,1,4.47841e-05,-4.34888
14.7,1.16732,1,0,10,1,4.43262e-05,-4.35334
14.8,1.17026,1,0,11,1.04139,4.45916e-05,-4.35075
14.9,1.17319,1,0,10,1,4.30682e-05,-4.36584
15,1.17609,1,0,10,1,4.27367e-05,-4.3692
15.1,1.17898,1,0,10,1,4.22346e-05,-4.37433
15.2,1.18184,1,0,10,1,4.17377e-05,-4.37947
15.3,1.18469,1,0,10,1,4.12232e-05,-4.38486
15.4,1.18752,1,0,10,1,4.07328e-05,-4.39006
15.5,1.19033,1,0,10,1,4.0263e-05,-4.39509
15.6,1.19312,1,0,10,1,3.97827e-05,-4.40031
15.7,1.1959,1,0,10,1,3.93275e-05,-4.4053
15.8,1.19866,1,0,10,1,3.88361e-05,-4.41076
15.9,1.2014,1,0,10,1,3.83778e-05,-4.41592
16,1.20412,1,0,10,1,3.791e-05,-4.42125
16.1,1.20683,1,0,10,1,3.74402e-05,-4.42666
16.2,1.20952,1,0,10,1,3.69857e-05,-4.43197
16.3,1.21219,1,0,10,1,3.65375e-05,-4.43726
16.4,1.21484,1,0,10,1,3.60912e-05,-4.4426
16.5,1.21748,1,0,10,1,3.5652e-05,-4.44792
16.6,1.22011,1,0,10,1,3.52196e-05,-4.45322
16.7,1.22272,1,0,10,1,3.49505e-05,-4.45655
16.8,1.22531,1,0,10,1,3.45331e-05,-4.46176
16.9,1.22789,1,0,9,0.954243,3.41128e-05,-4.46708
17,1.23045,1,0,9,0.954243,3.3701e-05,-4.47236
17.1,1.233,1,0,9,0.954243,3.33214e-05,-4.47728
17.2,1.23553,1,0,10,1,3.34322e-05,-4.47584
17.3,1.23805,1,0,10,1,3.30066e-05,-4.4814
17.4,1.24055,1,0,10,1,3.25846e-05,-4.48699
17.5,1.24304,1,0,9,0.954243,3.4366e-05,-4.46387
17.6,1.24551,1,0,10,1,3.17247e-05,-4.4986
17.7,1.24797,1,0,9,0.954243,3.35146e-05,-4.47477
17.8,1.25042,1,0,10,1,3.03766e-05,-4.51746
17.9,1.25285,1,0,9,0.954243,3.00096e-05,-4.52274
18,1.25527,1,0,8,0.90309,3.02316e-05,-4.51954
18.1,1.25768,1,0,8,0.90309,2.98854e-05,-4.52454
18.2,1.26007,1,0,8,0.90309,2.95535e-05,-4.52939
18.3,1.26245,1,0,8,0.90309,2.9169e-05,-4.53508
18.4,1.26482,1,0,8,0.90309,2.88159e-05,-4.54037
18.5,1.26717,1,0,8,0.90309,2.78919e-05,-4.55452
18.6,1.26951,1,0,8,0.90309,2.75556e-05,-4.55979
18.7,1.27184,1,0,8,0.90309,2.72243e-05,-4.56504
18.8,1.27416,1,0,8,0.90309,2.68978e-05,-4.57028
18.9,1.27646,1,0,8,0.90309,2.6576e-05,-4.57551
19,1.27875,1,0,8,0.90309,2.62589e-05,-4.58072
19.1,1.28103,1,0,8,0.90309,2.59464e-05,-4.58592
19.2,1.2833,1,0,8,0.90309,2.56384e-05,-4.59111
19.3,1.28556,1,0,8,0.90309,2.53348e-05,-4.59628
19.4,1.2878,1,0,8,0.90309,2.50356e-05,-4.60144
19.5,1.29003,1,0,8,0.90309,2.47408e-05,-4.60659
19.6,1.29226,1,0,8,0.90309,2.44503e-05,-4.61172
19.7,1.29447,1,0,8,0.90309,2.41642e-05,-4.61683
19.8,1.29667,1,0,8,0.90309,2.38823e-05,-4.62192
19.9,1.29885,1,0,8,0.90309,2.36046e-05,-4.627
20,1.30103,1,0,8,0.90309,2.33309e-05,-4.63207
20.1,1.3032,1,0,8,0.90309,2.30612e-05,-4.63712
20.2,1.30535,1,0,8,0.90309,2.27955e-05,-4.64215
20.3,1.3075,1,0,8,0.90309,2.25338e-05,-4.64717
20.4,1.30963,1,0,8,0.90309,2.22761e-05,-4.65216
20.5,1.31175,1,0,8,0.90309,2.20223e-05,-4.65714
20.6,1.31387,1,0,8,0.90309,2.17723e-05,-4.6621
20.7,1.31597,1,0,8,0.90309,2.1526e-05,-4.66704
20.8,1.31806,1,0,8,0.90309,2.12834e-05,-4.67196
20.9,1.32015,1,0,8,0.90309,2.10445e-05,-4.67686
21,1.32222,1,0,8,0.90309,2.08093e-05,-4.68174
21.1,1.32428,1,0,8,0.90309,2.05776e-05,-4.6866
21.2,1.32634,1,0,8,0.90309,2.03493e-05,-4.69145
21.3,1.32838,1,0,8,0.90309,2.01244e-05,-4.69628
21.4,1.33041,1,0,8,0.90309,1.9903e-05,-4.70108
21.5,1.33244,1,0,8,0.90309,1.9685e-05,-4.70586
21.6,1.33445,1,0,8,0.90309,1.94703e-05,-4.71063
21.7,1.33646,1,0,8,0.90309,1.92589e-05,-4.71537
21.8,1.33846,1,0,8,0.90309,1.90505e-05,-4.72009
21.9,1.34044,1,0,8,0.90309,1.88454e-05,-4.72479
22,1.34242,1,0,8,0.90309,1.86434e-05,-4.72947
22.1,1.34439,1,0,8,0.90309,1.84446e-05,-4.73413
22.2,1.34635,1,0,8,0.90309,1.82486e-05,-4.73877
22.3,1.3483,1,0,8,0.90309,1.80556e-05,-4.74339
22.4,1.35025,1,0,8,0.90309,1.78654e-05,-4.74799
22.5,1.35218,1,0,8,0.90309,1.76781e-05,-4.75256
22.6,1.35411,1,0,8,0.90309,1.74937e-05,-4.75712
22.7,1.35603,1,0,8,0.90309,1.73122e-05,-4.76165
22.8,1.35793,1,0,8,0.90309,1.71333e-05,-4.76616
22.9,1.35984,1,0,8,0.90309,1.6957e-05,-4.77065
23,1.36173,1,0,8,0.90309,1.67833e-05,-4.77512
23.1,1.36361,1,0,8,0.90309,1.66123e-05,-4.77957
23.2,1.36549,1,0,8,0.90309,1.64438e-05,-4.784
23.3,1.36736,1,0,7,0.845098,1.6278e-05,-4.7884
23.4,1.36922,1,0,7,0.845098,1.61146e-05,-4.79278
23.5,1.37107,1,0,7,0.845098,1.59536e-05,-4.79714
23.6,1.37291,1,0,7,0.845098,1.57949e-05,-4.80148
23.7,1.37475,1,0,7,0.845098,1.56386e-05,-4.8058
23.8,1.37658,1,0,7,0.845098,1.54844e-05,-4.81011
23.9,1.3784,1,0,7,0.845098,1.53325e-05,-4.81439
24,1.38021,1,0,7,0.845098,1.51828e-05,-4.81865
24.1,1.38202,1,0,7,0.845098,1.50354e-05,-4.82288
24.2,1.38382,1,0,7,0.845098,1.48901e-05,-4.8271
24.3,1.38561,1,0,7,0.845098,1.47468e-05,-4.8313
24.4,1.38739,1,0,7,0.845098,1.46056e-05,-4.83548
24.5,1.38917,1,0,7,0.845098,1.44664e-05,-4.83964
24.6,1.39094,1,0,7,0.845098,1.43294e-05,-4.84377
24.7,1.3927,1,0,7,0.845098,1.41945e-05,-4.84788
24.8,1.39445,1,0,7,0.845098,1.40611e-05,-4.85198
24.9,1.3962,1,0,7,0.845098,1.47858e-05,-4.83016
25,1.39794,1,0,7,0.845098,1.48382e-05,-4.82862
25.1,1.39967,1,0,7,0.845098,1.50271e-05,-4.82313
25.2,1.4014,1,0,7,0.845098,1.35479e-05,-4.86813
25.3,1.40312,1,0,7,0.845098,1.34229e-05,-4.87216
25.4,1.40483,1,0,6,0.778151,1.33003e-05,-4.87614
25.5,1.40654,1,0,6,0.778151,1.31795e-05,-4.8801
25.6,1.40824,1,0,6,0.778151,1.30604e-05,-4.88404
25.7,1.40993,1,0,6,0.778151,1.2943e-05,-4.88797
25.8,1.41162,1,0,6,0.778151,1.28271e-05,-4.89187
25.9,1.4133,1,0,6,0.778151,1.27129e-05,-4.89576
26,1.41497,1,0,6,0.778151,1.26002e-05,-4.89962
26.1,1.41664,1,0,6,0.778151,1.2489e-05,-4.90347
26.2,1.4183,1,0,6,0.778151,1.23793e-05,-4.9073
26.3,1.41996,1,0,6,0.778151,1.22711e-05,-4.91112
26.4,1.4216,1,0,6,0.778151,1.21643e-05,-4.91491
26.5,1.42325,1,0,6,0.778151,1.20589e-05,-4.91869
26.6,1.42488,1,0,6,0.778151,1.19548e-05,-4.92246
26.7,1.42651,1,0,6,0.778151,1.18521e-05,-4.9262
26.8,1.42813,1,0,6,0.778151,1.17508e-05,-4.92993
26.9,1.42975,1,0,6,0.778151,1.16508e-05,-4.93364
27,1.43136,1,0,6,0.778151,1.15521e-05,-4.93734
27.1,1.43297,1,0,6,0.778151,1.14546e-05,-4.94102
27.2,1.43457,1,0,6,0.778151,1.13583e-05,-4.94469
27.3,1.43616,1,0,6,0.778151,1.12633e-05,-4.94834
27.4,1.43775,1,0,6,0.778151,1.11695e-05,-4.95197
27.5,1.43933,1,0,6,0.778151,1.10768e-05,-4.95558
27.6,1.44091,1,0,6,0.778151,1.09853e-05,-4.95919
27.7,1.44248,1,0,6,0.778151,1.08949e-05,-4.96278
27.8,1.44404,1,0,6,0.778151,1.08056e-05,-4.96635
27.9,1.4456,1,0,6,0.778151,1.07175e-05,-4.96991
28,1.44716,1,0,6,0.778151,1.06304e-05,-4.97345
28.1,1.44871,1,0,6,0.778151,1.05444e-05,-4.97698
28.2,1.45025,1,0,6,0.778151,1.04593e-05,-4.9805
28.3,1.45179,1,0,6,0.778151,1.03864e-05,-4.98354
28.4,1.45332,1,0,6,0.778151,1.03194e-05,-4.98634
28.5,1.45484,1,0,6,0.778151,1.02401e-05,-4.9897
28.6,1.45637,1,0,6,0.778151,1.01613e-05,-4.99305
28.7,1.45788,1,0,6,0.778151,1.00831e-05,-4.99641
28.8,1.45939,1,0,6,0.778151,1.00055e-05,-4.99976
28.9,1.4609,1,0,6,0.778151,9.92854e-06,-5.00311
29,1.4624,1,0,6,0.778151,9.85227e-06,-5.00646
29.1,1.46389,1,0,6,0.778151,9.77675e-06,-5.00981
29.2,1.46538,1,0,6,0.778151,9.70212e-06,-5.01313
29.3,1.46687,1,0,6,0.778151,9.62823e-06,-5.01645
29.4,1.46835,1,0,6,0.778151,9.55512e-06,-5.01976
29.5,1.46982,1,0,6,0.778151,9.48261e-06,-5.02307
29.6,1.47129,1,0,6,0.778151,9.41092e-06,-5.02637
29.7,1.47276,1,0,6,0.778151,9.34007e-06,-5.02965
29.8,1.47422,1,0,6,0.778151,9.26995e-06,-5.03292
29.9,1.47567,1,0,6,0.778151,9.20037e-06,-5.03619
30,1.47712,1,0,6,0.778151,9.13174e-06,-5.03945
30.1,1.47857,1,0,6,0.778151,9.06378e-06,-5.04269
30.2,1.48001,1,0,6,0.778151,8.99641e-06,-5.04593
30.3,1.48144,1,0,6,0.778151,8.92988e-06,-5.04915
30.4,1.48287,1,0,6,0.778151,8.8639e-06,-5.05238
30.5,1.4843,1,0,6,0.778151,8.79871e-06,-5.05558
30.6,1.48572,1,0,6,0.778151,8.7342e-06,-5.05878
30.7,1.48714,1,0,6,0.778151,8.67011e-06,-5.06198
30.8,1.48855,1,0,6,0.778151,8.60692e-06,-5.06515
30.9,1.48996,1,0,6,0.778151,8.54435e-06,-5.06832
31,1.49136,1,0,6,0.778151,8.48218e-06,-5.07149
31.1,1.49276,1,0,6,0.778151,8.42089e-06,-5.07464
31.2,1.49415,1,0,6,0.778151,8.36019e-06,-5.07778
31.3,1.49554,1,0,6,0.778151,8.29999e-06,-5.08092
31.4,1.49693,1,0,6,0.778151,9.57566e-06,-5.01883
31.5,1.49831,1,0,6,0.778151,9.50305e-06,-5.02214
31.6,1.49969,1,0,5,0.69897,8.86885e-06,-5.05213
31.7,1.50106,1,0,5,0.69897,8.88872e-06,-5.05116
31.8,1.50243,1,0,6,0.778151,9.26661e-06,-5.03308
31.9,1.50379,1,0,6,0.778151,9.27289e-06,-5.03279
32,1.50515,1,0,6,0.778151,9.08913e-06,-5.04148
32.1,1.50651,1,0,6,0.778151,9.0821e-06,-5.04181
32.2,1.50786,1,0,6,0.778151,9.01543e-06,-5.04501
32.3,1.5092,1,0,6,0.778151,8.94655e-06,-5.04834
32.4,1.51055,1,0,6,0.778151,8.88444e-06,-5.05137
32.5,1.51188,1,0,6,0.778151,8.82047e-06,-5.05451
32.6,1.51322,1,0,6,0.778151,8.7531e-06,-5.05784
32.7,1.51455,1,0,6,0.778151,8.69754e-06,-5.0606
32.8,1.51587,1,0,6,0.778151,8.62626e-06,-5.06418
32.9,1.5172,1,0,6,0.778151,8.57383e-06,-5.06683
33,1.51851,1,0,6,0.778151,8.50196e-06,-5.07048
33.1,1.51983,1,0,6,0.778151,8.45406e-06,-5.07293
33.2,1.52114,1,0,6,0.778151,8.38001e-06,-5.07676
33.3,1.52244,1,0,6,0.778151,8.33287e-06,-5.07921
33.4,1.52375,1,0,6,0.778151,8.2608e-06,-5.08298
33.5,1.52504,1,0,6,0.778151,8.21609e-06,-5.08533
33.6,1.52634,1,0,6,0.778151,8.14484e-06,-5.08912
33.7,1.52763,1,0,6,0.778151,8.09988e-06,-5.09152
33.8,1.52892,1,0,6,0.778151,6.87481e-06,-5.16274
33.9,1.5302,1,0,5,0.69897,8.03035e-06,-5.09527
34,1.53148,1,0,5,0.69897,8.00375e-06,-5.09671
34.1,1.53275,1,0,6,0.778151,6.74199e-06,-5.17121
34.2,1.53403,1,0,5,0.69897,6.78984e-06,-5.16814
34.3,1.53529,1,0,5,0.69897,6.74421e-06,-5.17107
34.4,1.53656,1,0,5,0.69897,6.70172e-06,-5.17381
34.5,1.53782,1,0,5,0.69897,6.65985e-06,-5.17654
34.6,1.53908,1,0,5,0.69897,6.61834e-06,-5.17925
34.7,1.54033,1,0,5,0.69897,6.57744e-06,-5.18194
34.8,1.54158,1,0,5,0.69897,6.53685e-06,-5.18463
34.9,1.54283,1,0,5,0.69897,6.49685e-06,-5.1873
35,1.54407,1,0,5,0.69897,6.45715e-06,-5.18996
35.1,1.54531,1,0,5,0.69897,6.41803e-06,-5.1926
35.2,1.54654,1,0,5,0.69897,6.3792e-06,-5.19523
35.3,1.54777,1,0,5,0.69897,6.34093e-06,-5.19785
35.4,1.549,1,0,5,0.69897,6.30294e-06,-5.20046
35.5,1.55023,1,0,5,0.69897,6.2655e-06,-5.20304
35.6,1.55145,1,0,5,0.69897,6.22834e-06,-5.20563
35.7,1.55267,1,0,5,0.69897,6.19171e-06,-5.20819
35.8,1.55388,1,0,5,0.69897,6.15536e-06,-5.21075
35.9,1.55509,1,0,5,0.69897,6.1195e-06,-5.21328
36,1.5563,1,0,5,0.69897,6.08394e-06,-5.21581
36.1,1.55751,1,0,5,0.69897,6.04883e-06,-5.21833
36.2,1.55871,1,0,5,0.69897,6.01406e-06,-5.22083
36.3,1.55991,1,0,5,0.69897,5.97966e-06,-5.22332
36.4,1.5611,1,0,5,0.69897,5.94565e-06,-5.2258
36.5,1.56229,1,0,5,0.69897,5.91194e-06,-5.22827
36.6,1.56348,1,0,5,0.69897,5.87866e-06,-5.23072
36.7,1.56467,1,0,5,0.69897,5.84564e-06,-5.23317
36.8,1.56585,1,0,5,0.69897,5.81306e-06,-5.23559
36.9,1.56703,1,0,5,0.69897,5.78073e-06,-5.23802
37,1.5682,1,0,5,0.69897,5.74881e-06,-5.24042
37.1,1.56937,1,0,5,0.69897,5.71717e-06,-5.24282
37.2,1.57054,1,0,5,0.69897,5.68585e-06,-5.2452
37.3,1.57171,1,0,5,0.69897,5.65488e-06,-5.24758
37.4,1.57287,1,0,5,0.69897,5.62416e-06,-5.24994
37.5,1.57403,1,0,5,0.69897,5.59383e-06,-5.25229
37.6,1.57519,1,0,5,0.69897,5.56373e-06,-5.25463
37.7,1.57634,1,0,5,0.69897,5.53398e-06,-5.25696
37.8,1.57749,1,0,5,0.69897,5.5045e-06,-5.25928
37.9,1.57864,1,0,5,0.69897,5.47528e-06,-5.26159
38,1.57978,1,0,5,0.69897,5.4464e-06,-5.26389
38.1,1.58092,1,0,5,0.69897,5.41772e-06,-5.26618
38.2,1.58206,1,0,5,0.69897,5.38938e-06,-5.26846
38.3,1.5832,1,0,5,0.69897,5.36128e-06,-5.27073
38.4,1.58433,1,0,5,0.69897,5.33341e-06,-5.27299
38.5,1.58546,1,0,5,0.69897,5.30587e-06,-5.27524
38.6,1.58659,1,0,5,0.69897,5.27851e-06,-5.27749
38.7,1.58771,1,0,5,0.69897,5.25142e-06,-5.27972
38.8,1.58883,1,0,5,0.69897,5.2246e-06,-5.28195
38.9,1.58995,1,0,5,0.69897,5.19796e-06,-5.28417
39,1.59106,1,0,5,0.69897,5.17159e-06,-5.28638
39.1,1.59218,1,0,5,0.69897,5.14545e-06,-5.28858
39.2,1.59329,1,0,5,0.69897,5.11949e-06,-5.29077
39.3,1.59439,1,0,5,0.69897,5.09377e-06,-5.29296
39.4,1.5955,1,0,5,0.69897,5.06828e-06,-5.29514
39.5,1.5966,1,0,5,0.69897,5.04294e-06,-5.29732
39.6,1.5977,1,0,5,0.69897,9.27894e-06,-5.0325
39.7,1.59879,1,0,5,0.69897,9.34935e-06,-5.02922
39.8,1.59988,1,0,3,0.477121,5.29943e-06,-5.27577
39.9,1.60097,1,0,5,0.69897,9.0559e-06,-5.04307
40,1.60206,1,0,5,0.69897,9.10077e-06,-5.04092
40.1,1.60314,1,0,3,0.477121,5.20432e-06,-5.28364
40.2,1.60423,1,0,5,0.69897,8.82098e-06,-5.05448
40.3,1.60531,1,0,3,0.477121,5.46559e-06,-5.26236
40.4,1.60638,1,0,3,0.477121,5.42993e-06,-5.26521
40.5,1.60746,1,0,3,0.477121,5.39465e-06,-5.26804
40.6,1.60853,1,0,5,0.69897,9.33468e-06,-5.0299
40.7,1.60959,1,0,5,0.69897,9.24628e-06,-5.03403
40.8,1.61066,1,0,5,0.69897,9.15869e-06,-5.03817
40.9,1.61172,1,0,5,0.69897,9.07201e-06,-5.0423
41,1.61278,1,0,5,0.69897,8.98645e-06,-5.04641
41.1,1.61384,1,0,5,0.69897,8.90168e-06,-5.05053
41.2,1.6149,1,0,3,0.477121,7.92358e-06,-5.10108
41.3,1.61595,1,0,3,0.477121,9.21859e-06,-5.03534
41.4,1.617,1,0,5,0.69897,4.67576e-06,-5.33015
41.5,1.61805,1,0,3,0.477121,7.71906e-06,-5.11244
41.6,1.61909,1,0,3,0.477121,8.95923e-06,-5.04773
41.7,1.62014,1,0,5,0.69897,4.60773e-06,-5.33651
41.8,1.62118,1,0,3,0.477121,4.58513e-06,-5.33865
41.9,1.62221,1,0,3,0.477121,8.91458e-06,-5.0499
42,1.62325,1,0,3,0.477121,8.83065e-06,-5.05401
42.1,1.62428,1,0,3,0.477121,8.74808e-06,-5.05809
42.2,1.62531,1,0,3,0.477121,8.66702e-06,-5.06213
42.3,1.62634,1,0,3,0.477121,8.58753e-06,-5.06613
42.4,1.62737,1,0,3,0.477121,8.50946e-06,-5.0701
42.5,1.62839,1,0,3,0.477121,8.43259e-06,-5.07404
42.6,1.62941,1,0,3,0.477121,8.47286e-06,-5.07197
42.7,1.63043,1,0,3,0.477121,8.41036e-06,-5.07519
42.8,1.63144,1,0,5,0.69897,4.25528e-06,-5.37107
42.9,1.63246,1,0,5,0.69897,4.23384e-06,-5.37327
43,1.63347,1,0,5,0.69897,4.21221e-06,-5.37549
43.1,1.63448,1,0,5,0.69897,4.19047e-06,-5.37774
43.2,1.63548,1,0,5,0.69897,4.16856e-06,-5.38001
43.3,1.63649,1,0,5,0.69897,4.14654e-06,-5.38231
43.4,1.63749,1,0,5,0.69897,4.12439e-06,-5.38464
43.5,1.63849,1,0,5,0.69897,4.1021e-06,-5.38699
43.6,1.63949,1,0,5,0.69897,4.07971e-06,-5.38937
43.7,1.64048,1,0,5,0.69897,4.05717e-06,-5.39178
43.8,1.64147,1,0,5,0.69897,4.03454e-06,-5.39421
43.9,1.64246,1,0,5,0.69897,4.01174e-06,-5.39667
44,1.64345,1,0,3,0.477121,3.98883e-06,-5.39915
44.1,1.64444,1,0,3,0.477121,4.07329e-06,-5.39005
44.2,1.64542,1,0,3,0.477121,3.95403e-06,-5.40296
44.3,1.6464,1,0,5,0.69897,3.91792e-06,-5.40694
44.4,1.64738,1,0,3,0.477121,6.09475e-06,-5.21504
44.5,1.64836,1,0,3,0.477121,7.26613e-06,-5.1387
44.6,1.64933,1,0,3,0.477121,3.95721e-06,-5.40261
44.7,1.65031,1,0,3,0.477121,3.83645e-06,-5.41607
44.8,1.65128,1,0,3,0.477121,3.91282e-06,-5.40751
44.9,1.65225,1,0,5,0.69897,3.77207e-06,-5.42342
45,1.65321,1,0,3,0.477121,3.76139e-06,-5.42465
45.1,1.65418,1,0,3,0.477121,7.01852e-06,-5.15375
45.2,1.65514,1,0,5,0.69897,3.69852e-06,-5.43197
45.3,1.6561,1,0,3,0.477121,3.68643e-06,-5.43339
45.4,1.65706,1,0,3,0.477121,6.86451e-06,-5.16339
45.5,1.65801,1,0,5,0.69897,3.62326e-06,-5.4409
45.6,1.65896,1,0,3,0.477121,3.60982e-06,-5.44251
45.7,1.65992,1,0,3,0.477121,6.71487e-06,-5.17296
45.8,1.66087,1,0,5,0.69897,3.54624e-06,-5.45023
45.9,1.66181,1,0,3,0.477121,3.53151e-06,-5.45204
46,1.66276,1,0,3,0.477121,6.56863e-06,-5.18252
46.1,1.6637,1,0,5,0.69897,3.46739e-06,-5.46
46.2,1.66464,1,0,3,0.477121,3.45154e-06,-5.46199
46.3,1.66558,1,0,3,0.477121,6.42501e-06,-5.19213
46.4,1.66652,1,0,5,0.69897,3.38674e-06,-5.47022
46.5,1.66745,1,0,3,0.477121,3.36986e-06,-5.47239
46.6,1.66839,1,0,3,0.477121,6.28339e-06,-5.20181
46.7,1.66932,1,0,5,0.69897,3.30423e-06,-5.48093
46.8,1.67025,1,0,3,0.477121,3.28653e-06,-5.48326
46.9,1.67117,1,0,3,0.477121,6.14322e-06,-5.2116
47,1.6721,1,0,5,0.69897,3.21992e-06,-5.49215
47.1,1.67302,1,0,3,0.477121,3.20161e-06,-5.49463
47.2,1.67394,1,0,3,0.477121,6.0039e-06,-5.22157
47.3,1.67486,1,0,5,0.69897,3.1339e-06,-5.50391
47.4,1.67578,1,0,3,0.477121,3.11511e-06,-5.50653
47.5,1.67669,1,0,3,0.477121,5.86499e-06,-5.23173
47.6,1.67761,1,0,5,0.69897,3.0462e-06,-5.51624
47.7,1.67852,1,0,3,0.477121,3.0272e-06,-5.51896
47.8,1.67943,1,0,3,0.477121,5.72611e-06,-5.24214
47.9,1.68034,1,0,5,0.69897,2.95701e-06,-5.52915
48,1.68124,1,0,3,0.477121,2.93793e-06,-5.53196
48.1,1.68215,1,0,3,0.477121,5.58696e-06,-5.25282
48.2,1.68305,1,0,5,0.69897,2.86642e-06,-5.54266
48.3,1.68395,1,0,3,0.477121,2.84749e-06,-5.54554
48.4,1.68485,1,0,3,0.477121,5.44729e-06,-5.26382
48.5,1.68574,1,0,5,0.69897,2.77468e-06,-5.55679
48.6,1.68664,1,0,3,0.477121,2.75606e-06,-5.55971
48.7,1.68753,1,0,4,0.60206,2.72211e-06,-5.56509
48.8,1.68842,1,0,4,0.60206,2.6907e-06,-5.57014
48.9,1.68931,1,0,4,0.60206,2.65926e-06,-5.57524
49,1.6902,1,0,4,0.60206,2.62777e-06,-5.58041
49.1,1.69108,1,0,4,0.60206,2.59624e-06,-5.58566
49.2,1.69197,1,0,4,0.60206,2.56466e-06,-5.59097
49.3,1.69285,1,0,4,0.60206,2.53307e-06,-5.59635
49.4,1.69373,1,0,4,0.60206,2.50144e-06,-5.60181
49.5,1.69461,1,0,4,0.60206,2.46983e-06,-5.60733
49.6,1.69548,1,0,4,0.60206,2.4382e-06,-5.61293
49.7,1.69636,1,0,4,0.60206,2.40662e-06,-5.61859
49.8,1.69723,1,0,4,0.60206,2.37505e-06,-5.62433
49.9,1.6981,1,0,4,0.60206,2.34353e-06,-5.63013
50,1.69897,1,0,4,0.60206,2.31207e-06,-5.636
50.1,1.69984,1,0,4,0.60206,2.28067e-06,-5.64194
50.2,1.7007,1,0,4,0.60206,2.24937e-06,-5.64794
50.3,1.70157,1,0,3,0.477121,3.49789e-06,-5.45619
50.4,1.70243,1,0,3,0.477121,3.46007e-06,-5.46091
50.5,1.70329,1,0,3,0.477121,3.4224e-06,-5.46567
50.6,1.70415,1,0,3,0.477121,3.38488e-06,-5.47046
50.7,1.70501,1,0,3,0.477121,3.34748e-06,-5.47528
50.8,1.70586,1,0,3,0.477121,3.31026e-06,-5.48014
50.9,1.70672,1,0,3,0.477121,3.27318e-06,-5.48503
51,1.70757,1,0,3,0.477121,3.23629e-06,-5.48995
51.1,1.70842,1,0,3,0.477121,3.19958e-06,-5.49491
51.2,1.70927,1,0,3,0.477121,3.23969e-06,-5.4895
51.3,1.71012,1,0,3,0.477121,2.02297e-06,-5.69401
51.4,1.71096,1,0,3,0.477121,3.18893e-06,-5.49635
51.5,1.71181,1,0,3,0.477121,2.67103e-06,-5.57332
51.6,1.71265,1,0,3,0.477121,2.5998e-06,-5.58506
51.7,1.71349,1,0,3,0.477121,1.90407e-06,-5.72032
51.8,1.71433,1,0,3,0.477121,1.86944e-06,-5.72829
51.9,1.71517,1,0,3,0.477121,1.74544e-06,-5.75809
52,1.716,1,0,3,0.477121,1.81536e-06,-5.74104
52.1,1.71684,1,0,3,0.477121,2.86028e-06,-5.54359
52.2,1.71767,1,0,3,0.477121,2.37228e-06,-5.62483
52.3,1.7185,1,0,3,0.477121,1.63006e-06,-5.7878
52.4,1.71933,1,0,3,0.477121,1.60355e-06,-5.79492
52.5,1.72016,1,0,3,0.477121,1.57746e-06,-5.80204
52.6,1.72099,1,0,3,0.477121,2.23493e-06,-5.65074
52.7,1.72181,1,0,3,0.477121,1.52596e-06,-5.81646
52.8,1.72263,1,0,3,0.477121,1.50073e-06,-5.8237
52.9,1.72346,1,0,3,0.477121,1.4759e-06,-5.83094
53,1.72428,1,0,3,0.477121,1.45206e-06,-5.83801
53.1,1.72509,1,0,3,0.477121,1.42776e-06,-5.84534
53.2,1.72591,1,0,4,0.60206,1.4083e-06,-5.85131
53.3,1.72673,1,0,3,0.477121,1.38042e-06,-5.85999
53.4,1.72754,1,0,3,0.477121,1.35774e-06,-5.86718
53.5,1.72835,1,0,3,0.477121,1.33408e-06,-5.87482
53.6,1.72916,1,0,3,0.477121,1.35902e-06,-5.86677
53.7,1.72997,1,0,3,0.477121,1.28973e-06,-5.8895
53.8,1.73078,1,0,3,0.477121,1.26806e-06,-5.89686
53.9,1.73159,1,0,3,0.477121,1.24683e-06,-5.90419
54,1.73239,1,0,2,0.30103,1.22644e-06,-5.91136
54.1,1.7332,1,0,2,0.30103,1.20579e-06,-5.91873
54.2,1.734,1,0,2,0.30103,1.18556e-06,-5.92608
54.3,1.7348,1,0,2,0.30103,1.1657e-06,-5.93341
54.4,1.7356,1,0,2,0.30103,1.14622e-06,-5.94073
54.5,1.7364,1,0,2,0.30103,1.12709e-06,-5.94804
54.6,1.73719,1,0,2,0.30103,1.10833e-06,-5.95533
54.7,1.73799,1,0,2,0.30103,1.08992e-06,-5.96261
54.8,1.73878,1,0,2,0.30103,1.07186e-06,-5.96986
54.9,1.73957,1,0,2,0.30103,1.05416e-06,-5.97709
55,1.74036,1,0,2,0.30103,1.03679e-06,-5.98431
55.1,1.74115,1,0,2,0.30103,1.01977e-06,-5.9915
55.2,1.74194,1,0,2,0.30103,1.00309e-06,-5.99866
